[		{
			"productId": "1",
			"productImage": "bluetooth.jpg",
			"productTitle": "Mi Bluetooth Headset",
			"productPrice":"899",
			
		},
		{
			"productId": "2",
			"productImage": "smartband.jpg",
			"productTitle": "Mi Smart Band",
			"productPrice":"1200",
		

		},
		{
			"productId": "3",
			"productImage": "earphone.jpg",
			"productTitle": "Mi Earphone",
			"productPrice":"599",
		
		},
		{
			"productId": "4",
			"productImage": "powerbank.jpg",
			"productTitle": "Mi Power Bank",
			"productPrice":"799",
			
		},
		{
			"productId": "5",
			"productImage": "vr.jpg",
			"productTitle": "Mi VR",
			"productPrice":"399",
		
		},
		{
			"productId": "6",
			"productImage": "usb.jpg",
			"productTitle": "Mi USB",
			"productPrice":"299",
			
		}
		
]