[		{
			"productId": "001",
			"productImage": "bluetooth.jpg",
			"productTitle": "Mi Bluetooth Headset",
			"productPrice":"899"
		},
		{
			"productId": "002",
			"productImage": "smartband.jpg",
			"productTitle": "Mi Smart Band",
			"productPrice":"1200"
		},
		{
			"productId": "003",
			"productImage": "earphone.jpg",
			"productTitle": "Mi Earphone",
			"productPrice":"599"
		},
		{
			"productId": "004",
			"productImage": "powerbank.jpg",
			"productTitle": "Mi Power Bank",
			"productPrice":"799"
		},
		{
			"productId": "005",
			"productImage": "vr.jpg",
			"productTitle": "Mi VR",
			"productPrice":"399"
		},
		{
			"productId": "006",
			"productImage": "usb.jpg",
			"productTitle": "Mi USB",
			"productPrice":"299"
		}
		
]